id,first_name,last_name,email,gender,ip_address
1,Marsiella,Heningham,mheningham0@angelfire.com,Female,186.143.98.162
2,Carole,Stribbling,cstribbling1@behance.net,Non-binary,18.13.45.125
3,Talia,Faucherand,tfaucherand2@gov.uk,Non-binary,50.32.192.168
4,Lucia,Jakeman,ljakeman3@tamu.edu,Female,203.149.169.251
5,Annabal,Cookman,acookman4@utexas.edu,Female,214.34.84.12
6,Marna,MattiCCI,mmatticci5@slate.com,Female,114.146.218.132
7,Laural,Casarili,lcasarili6@taobao.com,Genderqueer,164.244.106.196
8,Emmy,Franschini,efranschini7@home.pl,Female,127.234.43.176
9,Arlen,Sealey,asealey8@vk.com,Male,175.3.161.54
10,Minor,Jerrolt,mjerrolt9@diigo.com,Male,22.115.48.53
11,Anya,Ferrieri,aferrieria@skype.com,Female,100.111.168.230
12,Sampson,Hicken,shickenb@w3.org,Male,135.76.22.50
13,Roxie,Spellecy,rspellecyc@amazonaws.com,Female,64.24.219.253
14,Efrem,Gaddes,egaddesd@nhs.uk,Male,163.250.54.37
15,Erina,Kment,ekmente@homestead.com,Female,17.1.191.41
16,Duffy,Warratt,dwarrattf@nature.com,Male,191.208.56.36
17,Reagan,Bertelsen,rbertelseng@tinyurl.com,Male,226.19.240.155
18,Hersch,Chapiro,hchapiroh@photobucket.com,Male,130.136.145.37
19,Tally,Grunnill,tgrunnilli@dot.gov,Male,50.84.217.21
20,Rana,Hanrahan,rhanrahanj@guardian.co.uk,Female,34.166.102.213
21,Filberto,Shand,fshandk@mashable.com,Male,20.83.170.164
22,Suzette,Bramsom,sbramsoml@wunderground.com,Female,45.25.126.250
23,Adda,Bruun,abruunm@friendfeed.com,Female,252.229.166.216
24,Leonerd,Buckberry,lbuckberryn@dell.com,Male,73.73.31.183
25,Sunny,Lowy,slowyo@sogou.com,Male,43.135.81.186
26,Sheilakathryn,Feedham,sfeedhamp@google.nl,Female,255.17.230.78
27,Rania,Icke,rickeq@ow.ly,Female,227.232.191.242
28,Burg,Buxcy,bbuxcyr@latimes.com,Male,145.118.245.82
29,Philippine,Lippo,plippos@unicef.org,Female,244.108.191.53
30,Shelby,Sutherden,ssutherdent@buzzfeed.com,Male,1.26.144.182
31,Bernard,Sanja,bsanjau@devhub.com,Male,68.207.128.243
32,Lynna,Lagen,llagenv@usnews.com,Genderfluid,155.234.159.43
33,Joscelin,Pashen,jpashenw@desdev.cn,Female,254.133.231.132
34,Waylen,Van der Brugge,wvanderbruggex@hostgator.com,Male,160.120.181.147
35,Scarlet,Saben,ssabeny@tumblr.com,Female,227.242.222.57
36,Robin,Seeborne,rseebornez@amazon.de,Male,138.81.88.69
37,Jacquenetta,Matiasek,jmatiasek10@bloglines.com,Female,63.222.7.109
38,Horatius,Leonida,hleonida11@msn.com,Male,164.88.213.121
39,Jedd,Wick,jwick12@marriott.com,Male,89.244.1.73
40,Freemon,Gage,fgage13@wufoo.com,Male,113.146.1.13
41,Edmon,Andrieu,eandrieu14@free.fr,Male,144.70.37.222
42,Marcelia,Ostler,mostler15@jiathis.com,Polygender,58.185.187.146
43,Linda,Harverson,lharverson16@virginia.edu,Genderqueer,72.8.81.99
44,Bradney,Corsor,bcorsor17@odnoklassniki.ru,Male,132.238.174.6
45,Leonard,Scrivener,lscrivener18@slideshare.net,Male,90.206.108.76
46,Dione,Symcock,dsymcock19@blogtalkradio.com,Female,74.34.195.218
47,Carolan,Knevet,cknevet1a@a8.net,Female,117.18.15.75
48,Gordon,Siccombe,gsiccombe1b@tiny.cc,Male,178.31.101.0
49,Corry,Andriveaux,candriveaux1c@amazon.co.uk,Female,170.66.233.156
50,Isidor,Rees,irees1d@eepurl.com,Male,215.36.241.142
51,Ethelbert,Garbutt,egarbutt1e@infoseek.co.jp,Non-binary,20.145.225.51
52,Gabbi,Adie,gadie1f@wp.com,Female,113.41.102.162
53,Greer,Bradneck,gbradneck1g@pinterest.com,Genderqueer,152.7.224.16
54,Lynnell,Tzar,ltzar1h@vistaprint.com,Female,82.35.189.1
55,Deane,Suermeiers,dsuermeiers1i@admin.ch,Male,132.57.29.143
56,Barris,Cominetti,bcominetti1j@drupal.org,Male,18.88.134.82
57,Weston,Tern,wtern1k@businesswire.com,Male,106.57.23.30
58,Rudiger,McGinny,rmcginny1l@skype.com,Male,140.158.32.95
59,Derril,Marzella,dmarzella1m@taobao.com,Male,49.29.96.245
60,Nicole,Reisk,nreisk1n@furl.net,Female,167.163.197.138
61,Finley,Kenelin,fkenelin1o@goo.ne.jp,Male,224.210.37.196
62,Gar,Hunston,ghunston1p@angelfire.com,Male,225.105.108.236
63,Marissa,Oakenford,moakenford1q@oaic.gov.au,Female,254.114.85.94
64,Gerhardt,Balbeck,gbalbeck1r@drupal.org,Male,195.101.88.74
65,Mathew,Duffit,mduffit1s@admin.ch,Male,133.200.88.213
66,Elicia,Reyson,ereyson1t@businessweek.com,Female,38.200.235.98
67,Sioux,Crowcher,scrowcher1u@bbb.org,Female,93.167.32.14
68,Barbara,Prince,bprince1v@behance.net,Female,202.167.103.131
69,Tyrone,Pate,tpate1w@census.gov,Male,147.112.40.72
70,Barney,Fensome,bfensome1x@redcross.org,Male,72.228.160.132
71,Craig,Coonan,ccoonan1y@huffingtonpost.com,Male,131.158.77.76
72,Riki,Hehl,rhehl1z@wordpress.org,Female,92.189.134.131
73,Gale,Dupree,gdupree20@alexa.com,Male,177.23.137.204
74,Raynor,Rainsdon,rrainsdon21@google.com.au,Male,209.149.229.9
75,Stefa,Gildersleaves,sgildersleaves22@house.gov,Female,7.234.20.155
76,Ailey,Terne,aterne23@theguardian.com,Female,180.75.222.99
77,Etti,Harkes,eharkes24@ycombinator.com,Female,231.238.151.186
78,Berkeley,Furmedge,bfurmedge25@etsy.com,Male,10.225.91.219
79,Lidia,Jinkin,ljinkin26@cyberchimps.com,Female,50.165.83.140
80,Joyann,Oley,joley27@boston.com,Female,49.87.77.63
81,Clayborne,Swinerd,cswinerd28@nationalgeographic.com,Male,40.8.203.34
82,Maryjo,Casarino,mcasarino29@lulu.com,Female,212.32.246.147
83,Gavra,Ulyatt,gulyatt2a@wikimedia.org,Female,215.98.165.106
84,Jan,Luxton,jluxton2b@yale.edu,Female,155.148.4.123
85,Ulric,Vlies,uvlies2c@tumblr.com,Male,81.214.222.243
86,Lilas,De Laspee,ldelaspee2d@yellowbook.com,Polygender,111.139.138.33
87,Katerine,Seymark,kseymark2e@va.gov,Female,66.207.118.50
88,Giff,Jorcke,gjorcke2f@google.ca,Male,90.44.49.123
89,Anna-diana,Posse,aposse2g@hud.gov,Female,84.149.2.208
90,Ad,Andriesse,aandriesse2h@biblegateway.com,Male,227.216.54.179
91,Coop,Stickler,cstickler2i@mysql.com,Male,12.221.15.102
92,Kirby,Durbridge,kdurbridge2j@springer.com,Bigender,149.244.152.20
93,Lindy,Dadge,ldadge2k@soup.io,Male,237.243.106.64
94,Ashlin,Vedyashkin,avedyashkin2l@free.fr,Male,82.51.84.73
95,Kattie,Mungan,kmungan2m@chron.com,Female,244.238.93.150
96,Dari,Toppes,dtoppes2n@dailymotion.com,Female,145.148.156.145
97,Camila,Skells,cskells2o@bloomberg.com,Female,230.25.185.147
98,Miranda,Muncey,mmuncey2p@addthis.com,Female,64.38.17.202
99,Isabeau,Schuricke,ischuricke2q@cafepress.com,Female,26.189.99.94
100,Krystyna,Wong,kwong2r@g.co,Female,128.102.224.218
101,Henrieta,Emblen,hemblen2s@unicef.org,Female,113.191.224.115
102,Gaultiero,Prewer,gprewer2t@163.com,Male,193.72.60.55
103,Bondie,De Witt,bdewitt2u@cloudflare.com,Male,65.97.45.103
104,Natalee,Boards,nboards2v@state.tx.us,Female,233.2.121.128
105,Antons,Moat,amoat2w@hhs.gov,Male,35.234.142.185
106,Harri,Kidd,hkidd2x@hc360.com,Female,44.17.210.202
107,Barnaby,Cicci,bcicci2y@statcounter.com,Male,78.44.11.239
108,Yolande,Jirick,yjirick2z@reference.com,Female,150.199.4.64
109,Northrop,Stonner,nstonner30@dailymotion.com,Non-binary,15.36.111.68
110,Levi,Valentinetti,lvalentinetti31@feedburner.com,Male,148.139.247.185
111,Gayel,Bamford,gbamford32@springer.com,Female,150.184.129.114
112,Becka,Richmond,brichmond33@godaddy.com,Female,106.217.206.167
113,Scotty,Kindred,skindred34@arizona.edu,Male,233.213.244.239
114,Minette,Ellington,mellington35@japanpost.jp,Female,94.82.166.161
115,Harriett,O'Gorman,hogorman36@blogs.com,Female,119.97.108.100
116,Row,Siddon,rsiddon37@github.io,Female,189.2.8.236
117,Olin,Stubbs,ostubbs38@wikispaces.com,Male,75.110.107.82
118,Jean,Joysey,jjoysey39@unicef.org,Male,107.90.11.5
119,Kimberlee,Poynter,kpoynter3a@qq.com,Female,210.183.250.71
120,Ado,Stolberg,astolberg3b@apple.com,Male,0.192.3.220
121,Eben,O'Teague,eoteague3c@nytimes.com,Male,100.131.27.111
122,Virge,Gustus,vgustus3d@ted.com,Male,120.29.74.47
123,Kimberly,Domotor,kdomotor3e@tuttocitta.it,Female,89.24.87.199
124,Alene,Giacomuzzo,agiacomuzzo3f@geocities.com,Genderqueer,55.241.198.21
125,Bradley,De Brett,bdebrett3g@netlog.com,Male,50.190.29.175
126,Etheline,Mokes,emokes3h@wikispaces.com,Female,116.181.104.218
127,Merola,Olney,molney3i@chronoengine.com,Female,114.40.90.46
128,Salli,De Benedetti,sdebenedetti3j@networkadvertising.org,Female,40.228.90.21
129,Wayne,Burker,wburker3k@wufoo.com,Male,253.216.213.103
130,Eadmund,Pasby,epasby3l@chronoengine.com,Male,206.236.219.77
131,Vasilis,Giacaponi,vgiacaponi3m@disqus.com,Male,99.55.159.167
132,Patience,Simyson,psimyson3n@si.edu,Female,79.189.86.155
133,Marjie,Nyssens,mnyssens3o@about.com,Female,209.123.54.92
134,Wittie,Berndsen,wberndsen3p@nps.gov,Male,68.19.13.126
135,Norbert,Abelovitz,nabelovitz3q@cisco.com,Male,239.248.174.68
136,Skippy,Dunderdale,sdunderdale3r@wikia.com,Male,230.55.50.150
137,Morlee,Filchakov,mfilchakov3s@wsj.com,Male,42.95.144.82
138,Wilt,Donet,wdonet3t@google.nl,Male,121.101.123.9
139,Candi,Lober,clober3u@e-recht24.de,Female,118.0.117.247
140,Alasdair,Goburn,agoburn3v@usgs.gov,Bigender,32.110.127.205
141,Geoffrey,Human,ghuman3w@tripadvisor.com,Male,142.78.203.8
142,Marti,Aleksandrov,maleksandrov3x@netvibes.com,Non-binary,81.96.32.27
143,Antonia,Dullaghan,adullaghan3y@sitemeter.com,Female,115.63.67.239
144,Bev,Tice,btice3z@goodreads.com,Male,255.164.115.252
145,Roshelle,Tollow,rtollow40@shop-pro.jp,Female,55.10.209.72
146,Mervin,Sapsforde,msapsforde41@deviantart.com,Male,141.172.146.193
147,Ingar,True,itrue42@youtube.com,Male,77.5.140.202
148,Waverly,Prangle,wprangle43@google.pl,Male,98.85.184.224
149,Taffy,Chamberlen,tchamberlen44@google.nl,Female,45.162.6.15
150,Vikky,Dufaire,vdufaire45@yolasite.com,Female,218.203.45.84
151,Chicky,Pablos,cpablos46@soup.io,Agender,108.93.122.122
152,Tiffany,McMonies,tmcmonies47@columbia.edu,Agender,98.98.125.39
153,Teddy,Pimblotte,tpimblotte48@ihg.com,Female,218.27.12.112
154,Neilla,Volcker,nvolcker49@seattletimes.com,Female,23.180.161.232
155,Gregoire,Sarjant,gsarjant4a@rakuten.co.jp,Male,115.126.34.63
156,Shepherd,Pedycan,spedycan4b@discovery.com,Male,157.189.90.136
157,Athene,Tynnan,atynnan4c@prnewswire.com,Female,217.150.248.207
158,Cortie,Llewhellin,cllewhellin4d@go.com,Male,249.141.203.15
159,Leda,Leffek,lleffek4e@taobao.com,Female,92.165.52.114
160,Ralf,Fenners,rfenners4f@twitpic.com,Male,36.203.0.169
161,Alexina,Morad,amorad4g@state.tx.us,Female,247.158.241.1
162,Jed,Staziker,jstaziker4h@artisteer.com,Male,81.71.165.187
163,Ber,Stivey,bstivey4i@nbcnews.com,Male,124.219.92.233
164,Lin,Gallemore,lgallemore4j@omniture.com,Male,90.238.172.100
165,Lewie,Kahn,lkahn4k@amazon.co.jp,Male,62.174.120.59
166,Bambie,Chapelhow,bchapelhow4l@geocities.com,Female,132.244.135.80
167,Henrik,Wordesworth,hwordesworth4m@technorati.com,Male,222.164.41.111
168,Abby,McCandless,amccandless4n@buzzfeed.com,Agender,131.161.205.213
169,Natalya,Falco,nfalco4o@google.fr,Female,81.97.163.178
170,Harper,Haselgrove,hhaselgrove4p@photobucket.com,Male,123.115.92.247
171,Roxana,Semaine,rsemaine4q@odnoklassniki.ru,Female,101.99.107.41
172,Ase,Surmeyer,asurmeyer4r@com.com,Male,249.57.237.150
173,Waite,Taggert,wtaggert4s@comcast.net,Male,146.0.252.191
174,Allix,Hartridge,ahartridge4t@bravesites.com,Female,70.111.35.157
175,Hamel,Brosetti,hbrosetti4u@europa.eu,Male,137.234.242.64
176,Brigida,Cheves,bcheves4v@infoseek.co.jp,Female,158.144.146.254
177,Paulita,Capaldo,pcapaldo4w@hhs.gov,Female,48.165.87.15
178,Jean,Clatworthy,jclatworthy4x@scientificamerican.com,Male,197.24.254.14
179,Eudora,Koschke,ekoschke4y@furl.net,Female,2.62.197.151
180,Chad,Gemeau,cgemeau4z@scribd.com,Female,207.59.130.153
181,Carole,Ing,cing50@google.ru,Female,9.99.61.86
182,Giffer,Suddell,gsuddell51@xrea.com,Male,143.117.232.86
183,Bambie,Bragginton,bbragginton52@google.co.uk,Female,7.128.54.249
184,Allx,Serginson,aserginson53@sohu.com,Female,186.212.33.215
185,Rickie,Titford,rtitford54@tiny.cc,Male,240.214.54.1
186,Rivalee,Ronnay,rronnay55@toplist.cz,Female,225.171.223.84
187,Hurleigh,Olechnowicz,holechnowicz56@clickbank.net,Male,22.42.26.117
188,Roselin,Looney,rlooney57@xrea.com,Bigender,210.140.74.113
189,Judy,Sobtka,jsobtka58@drupal.org,Female,161.166.42.152
190,Reg,Ruppele,rruppele59@europa.eu,Male,179.235.51.87
191,Kassi,Netley,knetley5a@ted.com,Female,112.170.111.29
192,Aguste,Eisenberg,aeisenberg5b@domainmarket.com,Polygender,143.0.144.102
193,Gordan,Allman,gallman5c@wp.com,Male,237.145.206.81
194,Reamonn,Work,rwork5d@typepad.com,Male,145.65.186.118
195,Amery,Brimilcome,abrimilcome5e@europa.eu,Male,254.184.15.253
196,Alexis,Jancar,ajancar5f@wunderground.com,Male,212.133.55.17
197,Zia,Dolman,zdolman5g@icq.com,Female,115.160.68.111
198,Oates,Levitt,olevitt5h@lulu.com,Male,79.253.217.132
199,Emanuele,Galbraith,egalbraith5i@nyu.edu,Male,218.11.195.246
200,Carolynn,Scatcher,cscatcher5j@nydailynews.com,Female,193.74.55.66
201,Dietrich,Hacket,dhacket5k@independent.co.uk,Non-binary,6.184.154.0
202,Greggory,Accomb,gaccomb5l@rediff.com,Male,30.55.115.238
203,Friederike,Renton,frenton5m@tinyurl.com,Female,161.17.232.45
204,Katrina,Packe,kpacke5n@bravesites.com,Female,172.18.54.173
205,Illa,Dachs,idachs5o@aboutads.info,Female,19.41.73.247
206,Reeba,Fruin,rfruin5p@who.int,Female,225.202.185.132
207,Verne,Piner,vpiner5q@github.com,Male,90.166.206.22
208,Rene,Bingell,rbingell5r@go.com,Male,110.219.176.188
209,Merridie,Iannelli,miannelli5s@wordpress.com,Female,217.161.165.173
210,Rianon,McNeilly,rmcneilly5t@lulu.com,Female,228.68.178.22
211,Jermayne,Towner,jtowner5u@umich.edu,Bigender,253.237.76.187
212,Alyssa,Osmar,aosmar5v@amazon.com,Female,232.13.92.45
213,Tommy,Howorth,thoworth5w@bluehost.com,Male,15.162.169.113
214,Wenonah,Stenson,wstenson5x@prlog.org,Female,200.105.142.52
215,Axel,Izakson,aizakson5y@nationalgeographic.com,Male,120.251.57.34
216,Christoffer,Mafham,cmafham5z@nature.com,Male,56.240.88.169
217,David,Garthland,dgarthland60@zimbio.com,Male,68.161.69.76
218,Jessalin,Hacking,jhacking61@canalblog.com,Bigender,126.203.150.224
219,Davida,Brind,dbrind62@free.fr,Female,166.53.240.75
220,Keane,Swendell,kswendell63@privacy.gov.au,Male,36.7.58.199
221,Zilvia,Doumer,zdoumer64@tripadvisor.com,Non-binary,7.227.170.241
222,Drucill,Burnhams,dburnhams65@fc2.com,Female,143.38.166.100
223,Warren,O'Heagertie,woheagertie66@thetimes.co.uk,Genderqueer,76.62.116.7
224,Astrix,Castagnet,acastagnet67@histats.com,Female,57.27.15.221
225,Aundrea,Hallahan,ahallahan68@tamu.edu,Female,236.144.150.11
226,Henri,Elen,helen69@dmoz.org,Male,68.201.162.76
227,Malissia,Bateson,mbateson6a@msu.edu,Female,31.235.50.201
228,Emery,Fennelow,efennelow6b@360.cn,Polygender,16.233.119.39
229,Sayres,Cowely,scowely6c@bigcartel.com,Male,143.47.7.253
230,Hale,Dorie,hdorie6d@tinypic.com,Male,170.29.119.219
231,Anatola,Cobby,acobby6e@google.com,Polygender,134.216.99.99
232,Monro,Trask,mtrask6f@goo.ne.jp,Male,131.224.123.152
233,Katinka,Rea,krea6g@prnewswire.com,Female,87.52.131.242
234,Trenton,Syddie,tsyddie6h@plala.or.jp,Male,41.186.20.99
235,Berti,Dewfall,bdewfall6i@comcast.net,Male,163.108.197.125
236,Reinhard,Gilchrest,rgilchrest6j@xrea.com,Male,216.239.194.135
237,Kameko,Slixby,kslixby6k@typepad.com,Female,13.30.158.9
238,Leesa,Belmont,lbelmont6l@constantcontact.com,Female,196.119.206.2
239,Engelbert,Winfred,ewinfred6m@who.int,Male,244.49.21.65
240,Emmett,Fairburn,efairburn6n@fotki.com,Male,83.184.220.216
241,Lindon,Waddicor,lwaddicor6o@irs.gov,Genderfluid,172.213.215.30
242,Letitia,Couldwell,lcouldwell6p@flavors.me,Female,193.51.14.92
243,Peggi,Pero,ppero6q@msu.edu,Non-binary,140.156.249.245
244,Rob,Minerdo,rminerdo6r@alibaba.com,Male,36.170.220.172
245,Sheilakathryn,Dawson,sdawson6s@ftc.gov,Female,180.81.40.65
246,Gena,Molder,gmolder6t@ezinearticles.com,Female,18.96.221.172
247,Darrell,Abbott,dabbott6u@webnode.com,Male,109.236.160.183
248,Noemi,Plevin,nplevin6v@cdbaby.com,Female,76.95.33.191
249,Baudoin,Worgen,bworgen6w@arizona.edu,Male,11.152.245.234
250,Joell,Blancowe,jblancowe6x@mapy.cz,Female,39.115.232.47
251,Ianthe,Ellaman,iellaman6y@noaa.gov,Female,43.187.113.134
252,Arliene,McQuaide,amcquaide6z@scientificamerican.com,Female,97.80.182.65
253,Stacia,Buchan,sbuchan70@themeforest.net,Female,166.69.5.83
254,Nat,Scimoni,nscimoni71@fastcompany.com,Male,221.75.247.202
255,Iolande,Pound,ipound72@icio.us,Female,241.67.77.227
256,Idaline,Bordman,ibordman73@msu.edu,Genderqueer,171.202.85.96
257,Catherin,Real,creal74@nature.com,Agender,123.62.246.169
258,Felita,Scartifield,fscartifield75@arizona.edu,Female,120.14.35.142
259,Inga,Burnapp,iburnapp76@cpanel.net,Female,91.95.179.91
260,Deedee,Herreros,dherreros77@usa.gov,Female,85.255.138.207
261,Crosby,Goldstein,cgoldstein78@elegantthemes.com,Male,73.15.78.198
262,Jasmina,Luscombe,jluscombe79@cpanel.net,Female,158.84.220.28
263,Angeline,Libbie,alibbie7a@tiny.cc,Female,166.101.128.10
264,Mozelle,Snassell,msnassell7b@unblog.fr,Female,80.79.16.12
265,Marcia,Menlove,mmenlove7c@people.com.cn,Female,69.229.28.142
266,Sibelle,Sleicht,ssleicht7d@hud.gov,Female,222.210.198.8
267,Adena,Corrington,acorrington7e@soup.io,Female,70.93.21.97
268,Golda,Ubach,gubach7f@upenn.edu,Female,141.178.208.127
269,Collin,Coffin,ccoffin7g@yolasite.com,Male,78.32.107.179
270,Kelvin,Pavlov,kpavlov7h@wp.com,Male,56.182.203.243
271,Edan,Marlen,emarlen7i@com.com,Male,37.103.11.125
272,Anett,Morston,amorston7j@seattletimes.com,Female,36.194.80.241
273,Zarla,Ashenhurst,zashenhurst7k@salon.com,Female,196.197.133.47
274,Kyrstin,Mullen,kmullen7l@theguardian.com,Female,206.20.173.179
275,Kelbee,Bantham,kbantham7m@squarespace.com,Male,146.195.157.92
276,Rosina,Chichgar,rchichgar7n@qq.com,Female,42.202.161.189
277,Georgeanna,Meece,gmeece7o@harvard.edu,Bigender,192.3.113.157
278,Geri,Plowright,gplowright7p@chronoengine.com,Male,50.244.85.202
279,Wyndham,Jirka,wjirka7q@sphinn.com,Male,70.187.222.236
280,Debbi,Vinnick,dvinnick7r@yolasite.com,Female,70.126.101.254
281,Olly,Parren,oparren7s@flickr.com,Female,51.53.7.98
282,Martino,Mackie,mmackie7t@bandcamp.com,Male,51.40.209.14
283,Ashli,Austwick,aaustwick7u@pagesperso-orange.fr,Female,181.75.153.99
284,Grayce,Gowlett,ggowlett7v@naver.com,Female,19.244.206.198
285,Korie,Marchelli,kmarchelli7w@ycombinator.com,Female,96.146.181.161
286,Vanna,MacCaughan,vmaccaughan7x@homestead.com,Female,122.169.190.57
287,Annadiane,Maryott,amaryott7y@csmonitor.com,Female,19.134.11.82
288,Jacklyn,Stickney,jstickney7z@ox.ac.uk,Female,100.52.77.25
289,Madelin,Husby,mhusby80@psu.edu,Female,30.179.31.9
290,Ardith,Gee,agee81@moonfruit.com,Female,62.128.203.96
291,Jessey,Cronkshaw,jcronkshaw82@dailymail.co.uk,Male,60.97.181.240
292,Lonnard,Loughlin,lloughlin83@upenn.edu,Male,178.185.127.223
293,Ivie,Bartram,ibartram84@prlog.org,Female,88.93.61.105
294,Darell,Branford,dbranford85@printfriendly.com,Female,94.204.137.170
295,Delilah,Lucas,dlucas86@wsj.com,Female,214.216.186.187
296,August,Rawsthorn,arawsthorn87@bravesites.com,Male,70.48.254.61
297,Obidiah,Livezey,olivezey88@nature.com,Male,120.198.63.24
298,Blair,Ferrers,bferrers89@behance.net,Agender,235.141.50.35
299,Waylin,Minchinton,wminchinton8a@chron.com,Male,32.167.125.222
300,Marlin,Kivell,mkivell8b@toplist.cz,Male,118.170.106.215
301,Berti,Faire,bfaire8c@slate.com,Male,48.242.216.3
302,Sebastiano,Brightey,sbrightey8d@networksolutions.com,Male,254.166.112.29
303,Marius,Ratnage,mratnage8e@angelfire.com,Male,88.108.4.8
304,Brianna,Plumbe,bplumbe8f@home.pl,Female,84.97.143.175
305,Keene,Sprigin,ksprigin8g@hud.gov,Male,254.202.147.248
306,Emmie,Govier,egovier8h@over-blog.com,Female,250.241.134.99
307,Rozamond,Latore,rlatore8i@studiopress.com,Female,88.114.158.218
308,Gloriana,Attwooll,gattwooll8j@cnet.com,Genderqueer,142.105.89.59
309,Debra,Beatty,dbeatty8k@lycos.com,Female,165.151.160.229
310,Glynis,Pietrzyk,gpietrzyk8l@home.pl,Female,64.181.67.96
311,Parsifal,Covotti,pcovotti8m@macromedia.com,Male,204.167.16.172
312,Rebekkah,Robun,rrobun8n@bizjournals.com,Female,112.227.18.255
313,Bryon,Himsworth,bhimsworth8o@shop-pro.jp,Agender,174.233.40.9
314,Brandise,Letten,bletten8p@homestead.com,Non-binary,32.184.160.201
315,Lawrence,Chartre,lchartre8q@networkadvertising.org,Male,54.242.191.76
316,Kalina,Spataro,kspataro8r@opensource.org,Female,202.142.95.246
317,Jean,Coram,jcoram8s@istockphoto.com,Genderqueer,47.108.230.99
318,Humfrey,Wantling,hwantling8t@foxnews.com,Male,181.168.78.75
319,Rayner,Morfey,rmorfey8u@liveinternet.ru,Male,68.49.60.205
320,Giulio,Pendrill,gpendrill8v@nyu.edu,Male,241.181.164.147
321,Darnall,Keedy,dkeedy8w@nsw.gov.au,Male,94.22.232.81
322,Alexio,Rodders,arodders8x@example.com,Male,120.135.240.199
323,Dora,Vaggs,dvaggs8y@creativecommons.org,Female,188.190.202.123
324,Noak,Brownell,nbrownell8z@examiner.com,Male,63.83.146.81
325,August,Twort,atwort90@csmonitor.com,Male,8.175.68.55
326,Chicky,Bavage,cbavage91@nationalgeographic.com,Male,109.120.249.224
327,Jacintha,Lippard,jlippard92@slideshare.net,Female,44.155.109.178
328,Blancha,Danks,bdanks93@irs.gov,Female,42.100.116.193
329,Pace,Masserel,pmasserel94@nsw.gov.au,Male,144.30.169.160
330,Erwin,Glaserman,eglaserman95@amazon.co.jp,Male,165.243.50.161
331,Dougy,Pavic,dpavic96@gmpg.org,Male,26.127.241.212
332,Cecile,Justham,cjustham97@t.co,Female,153.177.81.109
333,Mommy,Ilyuchyov,milyuchyov98@rakuten.co.jp,Female,249.208.101.174
334,Dun,Duddle,dduddle99@omniture.com,Male,113.226.248.71
335,Carine,Ellor,cellor9a@sfgate.com,Female,238.76.22.207
336,Nikolaos,Castro,ncastro9b@prnewswire.com,Male,165.225.192.25
337,Stefano,Lynas,slynas9c@addtoany.com,Male,112.147.79.222
338,Jasmina,Rabjohn,jrabjohn9d@ask.com,Female,111.20.119.111
339,Joletta,Jovey,jjovey9e@google.com,Female,123.128.124.164
340,Wash,Cale,wcale9f@unesco.org,Male,172.69.188.139
341,Trudie,Lober,tlober9g@senate.gov,Female,203.140.98.232
342,Koenraad,Langford,klangford9h@yahoo.com,Male,212.167.221.132
343,Jobi,Anyon,janyon9i@taobao.com,Female,14.117.195.213
344,Homerus,Spinello,hspinello9j@intel.com,Male,163.248.211.104
345,Emmye,Figurski,efigurski9k@macromedia.com,Female,163.141.176.134
346,Rabi,Hudson,rhudson9l@paypal.com,Male,129.116.59.136
347,Magdalen,McWhirter,mmcwhirter9m@baidu.com,Female,141.84.128.221
348,Ulrich,Tolomei,utolomei9n@chron.com,Male,7.226.113.182
349,Silvan,Earengey,searengey9o@biglobe.ne.jp,Male,105.213.27.31
350,Stacee,Gudgen,sgudgen9p@google.nl,Male,203.63.236.95
351,Giusto,Lyard,glyard9q@scientificamerican.com,Male,207.15.2.62
352,Arlene,Glentworth,aglentworth9r@plala.or.jp,Female,20.190.132.100
353,Carolynn,Zanuciolii,czanuciolii9s@cargocollective.com,Female,149.25.242.253
354,Frederick,Hunter,fhunter9t@biglobe.ne.jp,Male,133.72.169.176
355,Caril,Ormond,cormond9u@bloglovin.com,Female,147.153.71.53
356,Aldwin,Witheford,awitheford9v@dailymail.co.uk,Male,176.69.150.84
357,Evelin,Ivanishin,eivanishin9w@state.gov,Male,146.63.80.137
358,Nissa,Rodbourne,nrodbourne9x@intel.com,Female,191.21.112.229
359,Morly,Bowdery,mbowdery9y@tiny.cc,Male,160.241.12.96
360,Bambie,Delph,bdelph9z@people.com.cn,Female,214.209.3.1
361,Horace,Pipping,hpippinga0@berkeley.edu,Male,88.45.3.92
362,Heywood,Simonson,hsimonsona1@bloomberg.com,Male,206.33.231.48
363,Peyton,Caseri,pcaseria2@live.com,Male,140.14.106.200
364,Vinny,Copper,vcoppera3@yellowpages.com,Male,10.129.152.20
365,Thomasin,Nutbeem,tnutbeema4@vimeo.com,Female,243.93.49.13
366,Freda,Letts,flettsa5@addtoany.com,Polygender,157.116.227.154
367,Bondie,Couzens,bcouzensa6@europa.eu,Male,205.132.176.148
368,Waverley,Beinisch,wbeinischa7@ucsd.edu,Male,99.34.21.139
369,Ketty,Seavers,kseaversa8@state.gov,Female,170.2.150.145
370,Ted,MacGahy,tmacgahya9@topsy.com,Male,195.232.184.37
371,Archie,Joannet,ajoannetaa@wordpress.com,Male,41.195.186.229
372,Karlotte,Titterrell,ktitterrellab@eepurl.com,Female,25.76.184.182
373,Morris,Grummitt,mgrummittac@auda.org.au,Male,27.193.210.142
374,Viviene,Meriott,vmeriottad@imgur.com,Bigender,7.53.98.13
375,Bea,Heathcott,bheathcottae@bbb.org,Genderqueer,216.245.252.72
376,Bebe,Grunson,bgrunsonaf@yale.edu,Female,233.13.84.221
377,Tedra,Goscar,tgoscarag@exblog.jp,Female,59.104.35.59
378,Ivie,Cejka,icejkaah@nyu.edu,Female,247.186.143.247
379,Penny,Dellit,pdellitai@creativecommons.org,Male,151.51.237.27
380,Claudia,Wheeldon,cwheeldonaj@tripod.com,Female,170.67.183.105
381,Ainslee,Sneller,asnellerak@disqus.com,Female,155.6.162.124
382,Holly-anne,Nuzzi,hnuzzial@topsy.com,Female,253.241.123.23
383,Athene,McMichael,amcmichaelam@spotify.com,Female,229.199.150.51
384,Kamillah,Stubbins,kstubbinsan@zdnet.com,Female,157.53.23.127
385,Clifford,Gallgher,cgallgherao@blogger.com,Male,86.15.84.231
386,Timmy,Scouse,tscouseap@umn.edu,Female,61.11.248.19
387,Kristen,Bygrave,kbygraveaq@ox.ac.uk,Female,213.151.61.223
388,Nananne,Kurtis,nkurtisar@mozilla.org,Female,213.186.131.68
389,Galven,Boorman,gboormanas@newyorker.com,Bigender,155.116.117.86
390,Rupert,O' Donohoe,rodonohoeat@google.nl,Male,161.196.235.70
391,Veradis,Lushey,vlusheyau@wiley.com,Female,174.10.176.144
392,Evyn,Cranmer,ecranmerav@ustream.tv,Male,95.208.126.118
393,Hester,Bithell,hbithellaw@mail.ru,Female,193.250.143.133
394,Melvin,Colls,mcollsax@ning.com,Agender,227.47.136.110
395,Trish,Skough,tskoughay@unesco.org,Female,79.115.52.91
396,Fayette,Zaniolini,fzanioliniaz@cbc.ca,Female,138.175.20.102
397,Corenda,Densun,cdensunb0@biglobe.ne.jp,Female,212.61.47.195
398,Bernard,Learmonth,blearmonthb1@lycos.com,Male,64.82.209.205
399,Felicity,McGeady,fmcgeadyb2@smugmug.com,Female,76.132.87.14
400,Niles,Guyers,nguyersb3@biblegateway.com,Male,240.255.106.123
401,Conan,Thorpe,cthorpeb4@shutterfly.com,Male,231.80.10.105
402,Lauren,Willan,lwillanb5@mozilla.org,Male,165.125.82.235
403,Blakelee,Pendreigh,bpendreighb6@nydailynews.com,Female,75.34.168.227
404,Nathan,Grivori,ngrivorib7@businessinsider.com,Male,164.91.31.7
405,Ker,Conkling,kconklingb8@wired.com,Male,102.120.125.180
406,Walton,Dowson,wdowsonb9@uiuc.edu,Non-binary,247.42.162.32
407,Gerianna,Anselmi,ganselmiba@umn.edu,Female,197.208.162.31
408,Aldrich,Jahan,ajahanbb@blinklist.com,Genderfluid,89.226.127.31
409,Annnora,Meldon,ameldonbc@woothemes.com,Female,104.46.108.107
410,Ham,Reddan,hreddanbd@barnesandnoble.com,Male,180.124.136.114
411,Jourdain,Goranov,jgoranovbe@w3.org,Male,31.225.104.73
412,Tobey,Bonelle,tbonellebf@devhub.com,Female,127.235.21.188
413,Alvy,Malek,amalekbg@auda.org.au,Male,239.177.199.129
414,Lek,Bloss,lblossbh@amazonaws.com,Male,166.246.182.119
415,Alford,Badman,abadmanbi@ycombinator.com,Male,28.136.234.150
416,Gayle,Firby,gfirbybj@elegantthemes.com,Agender,181.58.47.107
417,Ryon,Sawkin,rsawkinbk@nasa.gov,Male,183.28.142.22
418,Freeland,Karolowski,fkarolowskibl@desdev.cn,Male,23.8.241.179
419,Obidiah,Shortt,oshorttbm@ehow.com,Male,20.107.195.8
420,Duffy,Nolli,dnollibn@princeton.edu,Male,110.187.97.238
421,Nevile,Jamary,njamarybo@smh.com.au,Male,247.228.152.113
422,Ileane,MacRinn,imacrinnbp@homestead.com,Genderfluid,204.221.101.77
423,Ronna,Huyge,rhuygebq@usnews.com,Female,198.16.24.20
424,Konstantine,Osbaldstone,kosbaldstonebr@globo.com,Male,99.178.99.14
425,Justis,Reyne,jreynebs@barnesandnoble.com,Male,71.177.155.49
426,Pia,Brunini,pbruninibt@biblegateway.com,Female,61.63.186.218
427,Cele,Blowick,cblowickbu@1und1.de,Female,246.14.244.58
428,Bobette,O'Loughnan,boloughnanbv@oracle.com,Female,197.38.229.226
429,Bealle,Laden,bladenbw@rakuten.co.jp,Male,26.121.162.197
430,Licha,Abrami,labramibx@princeton.edu,Genderqueer,231.184.226.158
431,Roseanne,Thebes,rthebesby@comsenz.com,Female,133.142.25.154
432,Charlene,Chawner,cchawnerbz@instagram.com,Female,193.104.214.135
433,Dougy,Haydon,dhaydonc0@time.com,Male,45.255.49.153
434,Jyoti,Paolacci,jpaolaccic1@163.com,Female,131.226.170.167
435,Natty,Ferrucci,nferruccic2@google.es,Female,90.57.132.66
436,Elvis,Clemett,eclemettc3@free.fr,Male,75.77.216.47
437,Angela,Loudwell,aloudwellc4@shareasale.com,Female,236.14.131.222
438,Marys,Steuart,msteuartc5@imgur.com,Female,253.162.188.87
439,Jephthah,Arthars,jartharsc6@histats.com,Bigender,212.99.115.98
440,Kale,Doeg,kdoegc7@bing.com,Male,44.226.18.166
441,Brook,Meneur,bmeneurc8@ft.com,Male,64.33.150.139
442,Alonzo,Geelan,ageelanc9@tamu.edu,Agender,127.204.57.106
443,Birk,Kramer,bkramerca@msn.com,Male,240.73.33.197
444,Kathye,Cesconi,kcesconicb@un.org,Female,153.179.40.71
445,Koralle,Scopham,kscophamcc@pen.io,Female,129.201.62.243
446,Nyssa,Tireman,ntiremancd@imageshack.us,Female,43.24.188.240
447,Scotti,Bottleson,sbottlesonce@yandex.ru,Male,33.134.177.12
448,Fernando,Loffill,floffillcf@gmpg.org,Male,93.135.185.120
449,Hanan,Thal,hthalcg@canalblog.com,Male,235.255.14.237
450,Isak,Tunnow,itunnowch@discovery.com,Male,250.36.223.191
451,Mannie,Beetles,mbeetlesci@com.com,Male,7.0.71.140
452,Lucio,Taffee,ltaffeecj@rambler.ru,Male,176.150.151.87
453,Klaus,Wurst,kwurstck@gov.uk,Male,84.129.149.217
454,Welby,Ferrieroi,wferrieroicl@chronoengine.com,Male,52.171.30.172
455,Karee,Steels,ksteelscm@soundcloud.com,Female,140.46.115.166
456,Trevar,Creamen,tcreamencn@google.de,Male,90.153.176.196
457,Jarid,Newsham,jnewshamco@mapy.cz,Male,148.245.131.85
458,Neilla,Dalwood,ndalwoodcp@gravatar.com,Female,208.79.176.213
459,Bradly,Kernoghan,bkernoghancq@sfgate.com,Male,232.212.200.209
460,Justis,Islip,jislipcr@squidoo.com,Male,53.64.83.18
461,Arlen,Lethcoe,alethcoecs@webmd.com,Bigender,64.231.104.122
462,Katrinka,Camerello,kcamerelloct@qq.com,Female,147.242.86.34
463,Fletcher,Atto,fattocu@com.com,Male,82.165.144.244
464,Madella,Eldon,meldoncv@google.com.hk,Female,233.241.0.186
465,Tabatha,Tinan,ttinancw@apache.org,Female,163.121.149.242
466,Bonita,Brussels,bbrusselscx@pbs.org,Female,254.249.58.192
467,Madge,Creany,mcreanycy@sina.com.cn,Female,225.158.56.23
468,Clio,Coull,ccoullcz@domainmarket.com,Female,178.204.240.43
469,Wandis,Cambridge,wcambridged0@joomla.org,Female,53.69.165.190
470,Sidoney,Spurgin,sspurgind1@skyrock.com,Female,255.171.59.244
471,Trefor,Huckabe,thuckabed2@myspace.com,Male,68.93.169.220
472,Zarla,Di Franceschi,zdifranceschid3@auda.org.au,Female,165.150.33.7
473,Benedick,Domengue,bdomengued4@reverbnation.com,Male,177.131.70.17
474,Clarinda,Fechnie,cfechnied5@google.com,Female,210.75.145.39
475,Maridel,Mogie,mmogied6@skyrock.com,Female,50.17.44.89
476,Harmonia,Sanbrooke,hsanbrooked7@w3.org,Female,74.111.156.224
477,Clair,Stovine,cstovined8@ning.com,Female,189.205.161.176
478,Gwyn,Dormon,gdormond9@artisteer.com,Female,126.33.21.101
479,Cleo,Lippingwell,clippingwellda@mtv.com,Female,205.97.81.43
480,Tiffani,Paradin,tparadindb@cbsnews.com,Female,47.200.172.33
481,Mateo,Christophle,mchristophledc@lycos.com,Male,64.33.150.139
482,Theodora,Enevold,tenevolddd@devhub.com,Agender,0.85.173.180
483,Tracey,Landsman,tlandsmande@sohu.com,Female,161.112.248.128
484,Job,Divill,jdivilldf@nationalgeographic.com,Male,18.172.35.214
485,Darbie,Skurm,dskurmdg@wired.com,Female,251.103.19.83
486,Pebrook,O'Luney,poluneydh@naver.com,Male,158.216.76.85
487,Elvin,Cathesyed,ecathesyeddi@vistaprint.com,Male,91.189.30.129
488,Dyan,Staples,dstaplesdj@ameblo.jp,Female,162.52.48.117
489,Benjamen,Reveland,brevelanddk@google.com.hk,Male,98.54.151.101
490,Massimo,Pattesall,mpattesalldl@moonfruit.com,Male,93.174.195.236
491,Elisha,Colam,ecolamdm@google.com.br,Female,233.155.213.197
492,Octavius,Amsden,oamsdendn@zimbio.com,Male,94.213.2.182
493,Francine,MacKibbon,fmackibbondo@webnode.com,Female,209.48.102.127
494,Prescott,Routledge,proutledgedp@ifeng.com,Male,220.111.79.200
495,Chalmers,Euston,ceustondq@stumbleupon.com,Male,85.46.79.85
496,Graeme,Huddle,ghuddledr@washington.edu,Male,35.126.135.187
497,Myrwyn,Marlon,mmarlonds@jiathis.com,Male,158.228.74.245
498,Ruthy,Stoller,rstollerdt@apple.com,Female,156.202.239.254
499,Elizabet,Laidler,elaidlerdu@fema.gov,Female,198.126.153.179
500,Bayard,Leonida,bleonidadv@dmoz.org,Male,133.26.70.100
501,Corabella,Pygott,cpygottdw@sbwire.com,Female,249.18.8.75
502,Melisa,Hardway,mhardwaydx@vkontakte.ru,Female,250.221.137.77
503,Bert,Weakley,bweakleydy@deviantart.com,Male,63.210.85.167
504,Heather,Hoyte,hhoytedz@photobucket.com,Female,46.34.156.251
505,Minda,Droghan,mdroghane0@furl.net,Female,20.12.240.249
506,Sarajane,Schimoni,sschimonie1@hugedomains.com,Genderqueer,124.99.173.218
507,Phaedra,Carl,pcarle2@yelp.com,Female,169.188.83.181
508,Garland,Rosindill,grosindille3@mapy.cz,Female,140.188.36.124
509,Kiley,De Malchar,kdemalchare4@yolasite.com,Male,116.13.136.113
510,Ellene,Spargo,espargoe5@alibaba.com,Female,39.24.65.199
511,Rosella,Cops,rcopse6@sakura.ne.jp,Female,109.60.213.60
512,Beverlie,Surmon,bsurmone7@zimbio.com,Female,94.203.177.80
513,Rosaline,Gouldstone,rgouldstonee8@cornell.edu,Female,76.194.228.12
514,Annice,Garm,agarme9@nydailynews.com,Polygender,103.85.88.234
515,Layla,Eddie,leddieea@dedecms.com,Female,32.204.201.89
516,Devi,Boich,dboicheb@cocolog-nifty.com,Genderqueer,75.67.191.118
517,Edmon,Trussler,etrusslerec@merriam-webster.com,Male,21.21.14.73
518,Dion,Grzeszczyk,dgrzeszczyked@google.co.jp,Female,178.120.172.152
519,Wright,Szymaniak,wszymaniakee@msn.com,Male,89.201.43.67
520,Cosette,Cartlidge,ccartlidgeef@shareasale.com,Female,103.76.131.130
521,Aylmar,MacBean,amacbeaneg@alibaba.com,Male,81.37.69.235
522,Michale,Aughton,maughtoneh@squidoo.com,Male,117.168.92.72
523,Horatius,Dundon,hdundonei@slashdot.org,Male,71.135.208.16
524,Cy,Comolli,ccomolliej@merriam-webster.com,Male,64.193.201.118
525,Jacintha,Bennington,jbenningtonek@globo.com,Female,57.46.211.10
526,Karlis,Farncomb,kfarncombel@ning.com,Male,3.137.216.178
527,Sergent,Carrick,scarrickem@tamu.edu,Male,3.143.103.54
528,Rockey,Whatson,rwhatsonen@miibeian.gov.cn,Male,227.229.58.127
529,Charles,Klimkin,cklimkineo@marriott.com,Agender,48.86.155.196
530,Gavin,Gorring,ggorringep@msu.edu,Male,122.252.110.40
531,Garry,Fullilove,gfulliloveeq@yandex.ru,Male,126.248.31.120
532,Frannie,Goldis,fgoldiser@twitter.com,Female,156.4.15.119
533,Cindie,Yosifov,cyosifoves@virginia.edu,Female,248.231.180.95
534,Wayland,Hucknall,whucknallet@g.co,Male,114.250.109.66
535,Rollin,Sykes,rsykeseu@blinklist.com,Male,248.220.86.73
536,Boycey,Klehyn,bklehynev@blogs.com,Male,236.183.37.131
537,Meridel,Yes,myesew@goo.gl,Female,174.198.77.135
538,Ced,Ebanks,cebanksex@networkadvertising.org,Male,115.86.93.253
539,Inna,Lindermann,ilindermanney@trellian.com,Female,112.119.207.253
540,Alfred,Woltering,awolteringez@t-online.de,Male,203.17.162.247
541,Tate,Legister,tlegisterf0@telegraph.co.uk,Female,82.132.157.60
542,Cynthia,Pottie,cpottief1@dropbox.com,Female,47.113.239.197
543,Zebedee,Redhole,zredholef2@squidoo.com,Male,69.3.160.117
544,Georgy,Fouracres,gfouracresf3@msu.edu,Male,213.45.47.109
545,Becki,Rutland,brutlandf4@liveinternet.ru,Female,126.5.18.132
546,Kit,Bunyan,kbunyanf5@bing.com,Male,205.82.193.128
547,Lelia,De Francesco,ldefrancescof6@ft.com,Female,181.87.232.3
548,Marian,Kinnerley,mkinnerleyf7@people.com.cn,Female,36.186.31.149
549,Ronny,Monini,rmoninif8@1688.com,Female,97.92.90.97
550,Mervin,Muckersie,mmuckersief9@hexun.com,Male,93.96.70.28
551,Dunc,Burlingame,dburlingamefa@wix.com,Male,172.239.255.202
552,Guss,Yell,gyellfb@cbc.ca,Male,207.196.155.61
553,Rianon,Baffin,rbaffinfc@cornell.edu,Female,185.36.156.64
554,Prissie,Whale,pwhalefd@nymag.com,Female,172.40.20.74
555,Randie,Yockney,ryockneyfe@exblog.jp,Male,107.160.103.53
556,Boonie,Pirrie,bpirrieff@princeton.edu,Male,133.67.249.14
557,Brod,Crowson,bcrowsonfg@webs.com,Male,106.237.255.57
558,Bourke,Epperson,beppersonfh@geocities.jp,Non-binary,16.219.143.130
559,Maximilian,Creevy,mcreevyfi@blog.com,Genderfluid,171.104.112.245
560,Erik,Serrier,eserrierfj@weebly.com,Male,63.248.0.32
561,Myrvyn,Eckert,meckertfk@timesonline.co.uk,Male,59.23.232.190
562,Kean,Danilevich,kdanilevichfl@wired.com,Male,26.32.72.69
563,Tobye,Ion,tionfm@edublogs.org,Agender,148.67.224.151
564,Banky,Shere,bsherefn@miitbeian.gov.cn,Male,219.244.183.192
565,Daphna,Eckery,deckeryfo@smugmug.com,Female,6.111.41.171
566,Tammy,Daintry,tdaintryfp@hp.com,Male,91.108.121.1
567,Corney,Tinniswood,ctinniswoodfq@facebook.com,Bigender,45.105.13.53
568,Annabelle,Trevorrow,atrevorrowfr@prlog.org,Female,178.107.118.142
569,Jacquelin,Cutforth,jcutforthfs@blogs.com,Non-binary,170.109.138.63
570,Boote,Ambrozewicz,bambrozewiczft@hc360.com,Male,123.229.146.245
571,Binni,Silcock,bsilcockfu@shareasale.com,Female,160.249.97.47
572,Jaquith,Lehrer,jlehrerfv@europa.eu,Female,185.113.226.197
573,Virgie,Oke,vokefw@ucsd.edu,Male,228.62.159.48
574,Therine,Sibthorpe,tsibthorpefx@cdc.gov,Female,247.65.83.29
575,Midge,McAne,mmcanefy@shinystat.com,Female,133.3.223.114
576,Odie,Ellens,oellensfz@bing.com,Male,35.23.171.78
577,Winifred,Culshaw,wculshawg0@dailymail.co.uk,Female,194.137.4.172
578,Catrina,Prescote,cprescoteg1@cloudflare.com,Female,58.84.81.97
579,Veradis,Jordin,vjording2@adobe.com,Female,126.176.107.185
580,Malachi,Vidgen,mvidgeng3@biblegateway.com,Male,252.100.140.31
581,Melina,Vink,mvinkg4@histats.com,Female,168.185.235.112
582,Jervis,Bentsen,jbentseng5@ebay.com,Male,216.220.185.169
583,Lian,Lapsley,llapsleyg6@house.gov,Female,121.220.130.233
584,Latrena,Conachy,lconachyg7@bravesites.com,Female,195.27.252.10
585,Tonnie,Keynd,tkeyndg8@behance.net,Male,153.106.103.233
586,Murry,Dutnall,mdutnallg9@apple.com,Male,235.24.150.11
587,Taber,Pavey,tpaveyga@squarespace.com,Male,36.250.121.39
588,Berti,Ledbetter,bledbettergb@storify.com,Female,139.34.94.51
589,Roderigo,Karpychev,rkarpychevgc@barnesandnoble.com,Male,12.15.234.79
590,Paxon,Bonny,pbonnygd@paypal.com,Polygender,228.203.74.51
591,Wheeler,O'Collopy,wocollopyge@nationalgeographic.com,Male,84.221.131.111
592,Nanine,Vant,nvantgf@opera.com,Female,150.123.25.121
593,Lynnea,Jiruca,ljirucagg@nsw.gov.au,Female,83.27.117.55
594,Adolph,Darth,adarthgh@list-manage.com,Male,198.192.234.36
595,Vivianna,Renshaw,vrenshawgi@naver.com,Female,204.87.118.65
596,Elsey,Edworthye,eedworthyegj@google.nl,Female,234.226.203.71
597,Margit,Sopp,msoppgk@biblegateway.com,Genderqueer,131.12.192.25
598,Babb,Tripon,btripongl@unc.edu,Female,200.137.84.33
599,Rosalind,Mc Coughan,rmccoughangm@psu.edu,Female,8.6.12.242
600,Emmalynn,Brignall,ebrignallgn@reuters.com,Female,68.89.49.125
601,Herman,Hoggetts,hhoggettsgo@quantcast.com,Male,7.204.157.228
602,Nadiya,Warlton,nwarltongp@yahoo.co.jp,Female,25.143.81.192
603,Galvan,Pottage,gpottagegq@microsoft.com,Male,98.99.99.73
604,Korella,Torald,ktoraldgr@epa.gov,Polygender,225.129.242.53
605,Regina,Jacqueminet,rjacqueminetgs@independent.co.uk,Female,73.114.16.66
606,Seward,Eccersley,seccersleygt@reddit.com,Male,235.27.2.109
607,Jojo,Girdwood,jgirdwoodgu@time.com,Agender,134.116.109.202
608,Nert,Stanmore,nstanmoregv@ed.gov,Female,99.247.111.85
609,Cori,Betser,cbetsergw@i2i.jp,Female,57.41.18.18
610,Miguel,Lyptratt,mlyptrattgx@baidu.com,Male,73.215.7.106
611,Lynnea,Delieu,ldelieugy@a8.net,Female,156.204.100.101
612,Jemimah,Cornewall,jcornewallgz@youku.com,Polygender,135.14.146.68
613,Westley,De Angelis,wdeangelish0@usa.gov,Male,175.120.102.80
614,Myrwyn,Reggler,mregglerh1@histats.com,Genderfluid,2.255.1.214
615,Frans,Nigh,fnighh2@guardian.co.uk,Male,139.55.211.15
616,Joelie,Cogin,jcoginh3@nbcnews.com,Female,80.47.187.177
617,Izaak,Ebbs,iebbsh4@vimeo.com,Male,95.158.211.66
618,Faydra,Kienzle,fkienzleh5@cbsnews.com,Female,191.145.47.159
619,Feliks,McBratney,fmcbratneyh6@prweb.com,Male,164.27.109.210
620,Miquela,Nairne,mnairneh7@technorati.com,Female,241.100.57.108
621,Gabriello,Tuckey,gtuckeyh8@utexas.edu,Male,37.166.124.207
622,Jesselyn,Watmore,jwatmoreh9@hhs.gov,Female,224.49.186.42
623,Romy,Ruger,rrugerha@reference.com,Female,69.162.115.103
624,Richy,Ablitt,rablitthb@123-reg.co.uk,Male,96.62.203.105
625,Duffy,Huebner,dhuebnerhc@netvibes.com,Agender,30.238.30.166
626,Nikolas,Joscelyn,njoscelynhd@cnet.com,Male,168.163.186.87
627,Delmar,McFadin,dmcfadinhe@addtoany.com,Male,86.216.201.222
628,Mickie,Franzonello,mfranzonellohf@so-net.ne.jp,Male,65.18.73.149
629,Fritz,Trays,ftrayshg@who.int,Male,249.101.149.52
630,Harris,Fortnum,hfortnumhh@sakura.ne.jp,Male,218.109.158.120
631,Lucy,Hache,lhachehi@delicious.com,Non-binary,173.197.106.33
632,Moll,Barrasse,mbarrassehj@google.ru,Female,225.166.38.232
633,Laverne,Moisey,lmoiseyhk@about.me,Female,142.242.38.210
634,Jule,Rodger,jrodgerhl@netlog.com,Male,229.21.242.191
635,Artemus,Vanyashin,avanyashinhm@hhs.gov,Male,163.117.217.179
636,Bettye,Ferby,bferbyhn@prweb.com,Female,76.177.79.223
637,Stinky,Horley,shorleyho@kickstarter.com,Male,86.203.241.208
638,Dona,Vallerine,dvallerinehp@elegantthemes.com,Female,91.182.173.25
639,Roslyn,Denison,rdenisonhq@biblegateway.com,Female,132.89.193.155
640,Jordana,Blazynski,jblazynskihr@scientificamerican.com,Female,125.200.93.97
641,Rolph,Bowle,rbowlehs@vinaora.com,Male,30.130.233.102
642,Philipa,Wychard,pwychardht@youtube.com,Female,123.95.123.175
643,Dermot,Fairbanks,dfairbankshu@booking.com,Male,202.26.38.39
644,Berk,Meeus,bmeeushv@ebay.co.uk,Male,54.97.197.94
645,Sean,Casarili,scasarilihw@hugedomains.com,Male,95.111.165.158
646,Morena,Surphliss,msurphlisshx@ed.gov,Female,220.178.213.3
647,Mandel,Gillibrand,mgillibrandhy@ihg.com,Agender,119.226.168.138
648,Stevie,Jantot,sjantothz@51.la,Male,204.200.193.203
649,Jodie,Gate,jgatei0@woothemes.com,Male,209.23.147.171
650,Gena,Ragbourne,gragbournei1@surveymonkey.com,Female,130.187.34.126
651,Carlye,Doorly,cdoorlyi2@ameblo.jp,Female,159.102.153.99
652,Aylmar,Basili,abasilii3@studiopress.com,Male,175.227.236.129
653,Audre,Riddington,ariddingtoni4@dell.com,Female,165.204.220.190
654,Judah,Clifford,jcliffordi5@gmpg.org,Male,14.114.117.13
655,Evaleen,Kirkby,ekirkbyi6@newyorker.com,Female,224.252.44.215
656,Renell,Gaskall,rgaskalli7@cloudflare.com,Female,139.205.90.218
657,Inna,Ryves,iryvesi8@cam.ac.uk,Female,137.221.101.177
658,Nestor,Laroze,nlarozei9@businessweek.com,Male,251.177.106.231
659,Mufi,Adamov,madamovia@cam.ac.uk,Female,43.251.158.35
660,Felicity,Calderhead,fcalderheadib@alexa.com,Female,94.129.80.184
661,Antonie,Martindale,amartindaleic@zimbio.com,Female,157.239.47.65
662,Janela,Hazlegrove,jhazlegroveid@goo.gl,Female,66.166.79.64
663,Marcia,Hearsum,mhearsumie@quantcast.com,Female,119.60.39.201
664,Farand,Yashaev,fyashaevif@europa.eu,Female,48.187.10.218
665,Goldi,Butchart,gbutchartig@japanpost.jp,Female,183.169.227.158
666,Nolly,Franchyonok,nfranchyonokih@aboutads.info,Male,16.193.171.26
667,Tomasina,Tregien,ttregienii@arizona.edu,Genderqueer,216.185.90.251
668,Elsworth,MacGowan,emacgowanij@wisc.edu,Male,182.234.189.184
669,Sheelah,Swynley,sswynleyik@blogger.com,Female,219.90.139.173
670,Haley,Crockett,hcrockettil@github.io,Male,80.124.120.70
671,Elmo,Purcell,epurcellim@altervista.org,Male,191.180.58.147
672,Carine,Smowton,csmowtonin@ask.com,Female,160.68.78.76
673,Manfred,Pucknell,mpucknellio@google.com.br,Male,189.11.96.144
674,Cordelie,Fauguel,cfauguelip@ocn.ne.jp,Female,90.151.235.17
675,Dilan,Brekonridge,dbrekonridgeiq@dion.ne.jp,Male,69.26.59.208
676,Tedd,Evenden,tevendenir@ebay.com,Male,180.254.76.72
677,Antonius,Golsworthy,agolsworthyis@independent.co.uk,Male,99.199.1.185
678,Granger,Gannicleff,ggannicleffit@goo.ne.jp,Male,71.250.214.213
679,Kara,Beningfield,kbeningfieldiu@mit.edu,Female,215.147.148.159
680,Algernon,Ferreiro,aferreiroiv@pcworld.com,Male,0.255.2.53
681,Lizzie,Haisell,lhaiselliw@studiopress.com,Female,44.238.21.129
682,Pavlov,Beal,pbealix@ftc.gov,Male,57.64.102.113
683,Carlie,Tomlett,ctomlettiy@cloudflare.com,Male,128.253.154.37
684,Kara-lynn,Barnbrook,kbarnbrookiz@shareasale.com,Genderfluid,13.104.26.132
685,Brad,Hancill,bhancillj0@un.org,Male,81.200.176.49
686,Betti,Gilbertson,bgilbertsonj1@xing.com,Polygender,108.210.167.96
687,Devin,Bonafacino,dbonafacinoj2@reddit.com,Male,207.108.203.128
688,Harv,Mazzeo,hmazzeoj3@mapquest.com,Male,43.90.79.77
689,Inez,Jell,ijellj4@jiathis.com,Genderqueer,139.36.223.198
690,Fraze,Speek,fspeekj5@hhs.gov,Male,70.148.44.39
691,Montague,Chittock,mchittockj6@nature.com,Male,85.76.213.13
692,Warner,Ashingden,washingdenj7@shareasale.com,Male,245.109.111.231
693,Coralyn,Brashaw,cbrashawj8@cisco.com,Female,148.255.0.173
694,Torre,Lau,tlauj9@washingtonpost.com,Male,191.173.173.135
695,Patty,Elen,pelenja@dyndns.org,Male,107.162.43.232
696,Delores,Bradd,dbraddjb@cyberchimps.com,Female,192.72.160.168
697,Meryl,Rudyard,mrudyardjc@yolasite.com,Female,200.118.205.193
698,Angeline,Ganforth,aganforthjd@lulu.com,Agender,22.126.176.214
699,Annabal,Smeath,asmeathje@apache.org,Female,48.72.253.241
700,Carlita,Hands,chandsjf@spotify.com,Female,56.93.252.230
701,Curtice,Harmer,charmerjg@time.com,Male,209.1.165.63
702,Gallard,Sandy,gsandyjh@diigo.com,Male,105.229.194.9
703,Stanwood,Magill,smagillji@telegraph.co.uk,Male,193.113.16.147
704,Waylin,Harbison,wharbisonjj@behance.net,Male,163.42.55.229
705,Donn,Swetman,dswetmanjk@auda.org.au,Male,140.151.205.238
706,Karl,McGrath,kmcgrathjl@timesonline.co.uk,Male,27.208.66.166
707,Nobe,Segrave,nsegravejm@jimdo.com,Male,1.200.48.123
708,Adamo,Dood,adoodjn@ed.gov,Male,246.152.113.118
709,Zane,Worthington,zworthingtonjo@yellowbook.com,Male,76.192.195.202
710,Brewer,Paulou,bpauloujp@flickr.com,Male,213.144.237.55
711,Olia,Habbergham,ohabberghamjq@networkadvertising.org,Female,192.97.130.232
712,Noby,Scholtis,nscholtisjr@nhs.uk,Male,92.15.60.99
713,Berkie,Fittis,bfittisjs@feedburner.com,Male,179.211.28.85
714,Lesley,Vasenkov,lvasenkovjt@ifeng.com,Male,113.97.176.93
715,Mercy,Gorries,mgorriesju@ucoz.ru,Female,128.60.157.171
716,Bale,Stutt,bstuttjv@chron.com,Male,129.44.29.193
717,Trever,Emeline,temelinejw@ocn.ne.jp,Male,165.173.64.89
718,Nerte,Hellard,nhellardjx@umich.edu,Female,3.247.60.51
719,Jennifer,Realff,jrealffjy@smugmug.com,Female,127.69.49.181
720,Vanda,O'Riordan,voriordanjz@toplist.cz,Female,146.43.223.134
721,Basil,Colloff,bcolloffk0@blogspot.com,Male,246.4.55.148
722,Betsy,Goulston,bgoulstonk1@sfgate.com,Female,184.120.16.54
723,Cahra,Slatten,cslattenk2@dropbox.com,Female,10.225.223.45
724,Daisie,Bustard,dbustardk3@vistaprint.com,Female,123.100.93.102
725,Jae,Philson,jphilsonk4@amazon.co.jp,Male,4.65.148.195
726,Ive,Androck,iandrockk5@wufoo.com,Male,195.15.97.140
727,Frankie,Hendren,fhendrenk6@pen.io,Male,226.212.47.221
728,Lebbie,Novello,lnovellok7@squidoo.com,Female,249.250.66.93
729,Silvester,Jordine,sjordinek8@unc.edu,Male,183.126.109.218
730,Sadella,Petzolt,spetzoltk9@hud.gov,Female,24.238.181.113
731,Karilynn,Fearon,kfearonka@webmd.com,Female,41.205.71.51
732,Nancey,Belfield,nbelfieldkb@cpanel.net,Female,78.93.228.30
733,Cyndy,Yarranton,cyarrantonkc@newyorker.com,Female,69.154.226.47
734,Luke,Stennett,lstennettkd@bbb.org,Male,57.54.237.12
735,Andrea,Gerardeaux,agerardeauxke@phoca.cz,Male,57.241.92.149
736,Alexine,Plumley,aplumleykf@wired.com,Female,98.172.49.200
737,Menard,Killelea,mkilleleakg@nhs.uk,Male,32.158.177.145
738,Ber,Linnard,blinnardkh@comsenz.com,Male,142.80.211.112
739,Brooke,Garrow,bgarrowki@newsvine.com,Agender,154.37.79.199
740,Sanson,Thraves,sthraveskj@joomla.org,Male,146.12.134.170
741,Dorine,Arni,darnikk@google.de,Female,62.172.2.222
742,Vivianne,Clubb,vclubbkl@redcross.org,Female,157.95.225.147
743,Lew,Domican,ldomicankm@illinois.edu,Agender,73.89.253.90
744,Nickolaus,Shalcras,nshalcraskn@mozilla.com,Male,89.12.93.206
745,Alie,Renton,arentonko@vinaora.com,Female,71.202.232.73
746,Laura,Roo,lrookp@cocolog-nifty.com,Female,195.166.152.82
747,Darcy,Ramm,drammkq@senate.gov,Male,33.191.86.128
748,Lizette,Vanyushkin,lvanyushkinkr@cbsnews.com,Female,207.225.192.47
749,Randy,Kuller,rkullerks@baidu.com,Female,92.5.177.0
750,Palmer,Wildgoose,pwildgoosekt@51.la,Male,20.159.234.242
751,Hattie,Kineton,hkinetonku@utexas.edu,Female,57.186.135.227
752,Knox,Harvard,kharvardkv@example.com,Male,183.40.232.151
753,Lucienne,Faustian,lfaustiankw@opensource.org,Female,48.218.27.58
754,Thaxter,Burnitt,tburnittkx@google.co.uk,Polygender,29.158.20.47
755,Patten,Benck,pbenckky@fastcompany.com,Male,215.239.12.183
756,Kory,Feldberger,kfeldbergerkz@smugmug.com,Genderfluid,21.189.69.170
757,Joete,Morforth,jmorforthl0@usnews.com,Female,76.23.123.44
758,Glyn,Pichmann,gpichmannl1@cnn.com,Female,23.132.115.190
759,Arvy,Jacobi,ajacobil2@miitbeian.gov.cn,Male,161.116.22.28
760,Jeana,Hovert,jhovertl3@dion.ne.jp,Female,249.181.146.69
761,Jobina,Ivanonko,jivanonkol4@posterous.com,Female,235.25.123.36
762,Antoine,Burges,aburgesl5@indiegogo.com,Male,228.52.254.151
763,Idelle,Yurivtsev,iyurivtsevl6@msn.com,Female,145.106.251.184
764,Cate,Hancorn,chancornl7@e-recht24.de,Genderqueer,221.182.157.90
765,Nerita,Senyard,nsenyardl8@themeforest.net,Genderfluid,172.250.210.143
766,Ambrose,Edie,aediel9@seattletimes.com,Male,49.142.34.192
767,Griselda,De Fraine,gdefrainela@skype.com,Female,13.153.26.181
768,Danna,Maddams,dmaddamslb@stumbleupon.com,Female,58.162.23.203
769,Cirstoforo,Boughen,cboughenlc@aboutads.info,Male,4.101.12.113
770,Cole,Millins,cmillinsld@free.fr,Male,168.153.101.238
771,Corine,Novacek,cnovacekle@ezinearticles.com,Female,202.169.188.190
772,Etti,Longega,elongegalf@miitbeian.gov.cn,Polygender,161.229.149.29
773,Nani,Badham,nbadhamlg@istockphoto.com,Female,209.214.214.251
774,Nobe,Perone,nperonelh@myspace.com,Male,127.160.247.40
775,Sheridan,Gooke,sgookeli@umich.edu,Male,71.78.183.152
776,Zola,Messer,zmesserlj@ovh.net,Female,233.94.147.185
777,Roderic,Shadrack,rshadracklk@taobao.com,Male,244.115.102.31
778,Vance,Duffell,vduffellll@github.io,Male,243.124.73.60
779,Tad,Wark,twarklm@quantcast.com,Male,79.170.244.121
780,Gaylor,Ezzy,gezzyln@microsoft.com,Male,118.188.46.148
781,Kylie,Capun,kcapunlo@weibo.com,Female,211.31.166.87
782,Kile,Ricks,krickslp@chronoengine.com,Male,155.233.98.135
783,Brody,Caccavale,bcaccavalelq@ihg.com,Male,160.133.72.130
784,Shalne,Stagg,sstagglr@forbes.com,Female,49.150.49.46
785,Worden,Athy,wathyls@alibaba.com,Male,31.144.94.136
786,Verney,Capron,vcapronlt@topsy.com,Male,16.31.200.97
787,Amelie,Saffin,asaffinlu@dailymail.co.uk,Female,62.65.95.177
788,Cami,Tumelty,ctumeltylv@adobe.com,Female,170.137.164.98
789,Alexina,Cuffe,acuffelw@theatlantic.com,Female,163.221.81.9
790,Kennan,Fieldgate,kfieldgatelx@infoseek.co.jp,Male,104.251.29.138
791,Nisse,Manssuer,nmanssuerly@dropbox.com,Female,143.65.249.17
792,Denna,Laxton,dlaxtonlz@typepad.com,Female,85.1.212.157
793,Emmery,Russe,erussem0@163.com,Male,120.168.216.95
794,Morse,Joska,mjoskam1@sohu.com,Male,63.142.38.50
795,Morgan,Gianolini,mgianolinim2@ox.ac.uk,Male,18.35.120.22
796,Jonah,Dumberell,jdumberellm3@purevolume.com,Male,68.35.211.181
797,Mikel,Kelle,mkellem4@i2i.jp,Male,213.21.229.74
798,Zebadiah,McMichell,zmcmichellm5@google.fr,Male,119.181.195.20
799,Mar,Kingscott,mkingscottm6@lycos.com,Male,228.222.30.249
800,Thatcher,Beatson,tbeatsonm7@abc.net.au,Male,144.198.153.54
801,Edmon,Fierro,efierrom8@earthlink.net,Male,67.72.123.226
802,Dorothy,Magowan,dmagowanm9@weibo.com,Female,33.194.150.232
803,Vere,Addey,vaddeyma@ucoz.com,Non-binary,222.110.82.150
804,Bree,Ethridge,bethridgemb@upenn.edu,Female,140.99.197.54
805,Neill,Farrear,nfarrearmc@google.fr,Genderfluid,69.100.88.86
806,Shawn,Fisher,sfishermd@uiuc.edu,Female,193.248.222.216
807,Flinn,Bearward,fbearwardme@oracle.com,Male,181.61.176.95
808,Jean,Iwanowski,jiwanowskimf@whitehouse.gov,Male,98.58.108.30
809,Ebba,Elvins,eelvinsmg@canalblog.com,Female,71.26.201.74
810,Kelci,Gregori,kgregorimh@nsw.gov.au,Female,14.241.121.154
811,Abbey,Dowsey,adowseymi@chronoengine.com,Female,244.145.214.151
812,Aloin,Tomczynski,atomczynskimj@indiegogo.com,Male,242.234.231.251
813,Gaelan,Meek,gmeekmk@rakuten.co.jp,Male,23.102.18.210
814,Selestina,Headford,sheadfordml@microsoft.com,Female,116.174.197.73
815,Ailee,Kwiek,akwiekmm@google.com,Female,3.191.133.31
816,Simone,Paolo,spaolomn@ucoz.com,Male,50.126.144.244
817,Ingunna,Trobey,itrobeymo@mac.com,Female,73.133.72.132
818,Josias,Wannan,jwannanmp@acquirethisname.com,Male,31.49.101.172
819,Rayna,Drew,rdrewmq@cnbc.com,Female,117.223.8.224
820,Forester,Kilbee,fkilbeemr@yale.edu,Male,117.15.36.82
821,Helli,Demann,hdemannms@smugmug.com,Female,114.41.237.18
822,Jacintha,Livoir,jlivoirmt@live.com,Female,236.48.41.21
823,Obed,Shovel,oshovelmu@hibu.com,Male,89.55.35.187
824,Mei,Waldera,mwalderamv@mozilla.org,Polygender,128.212.101.90
825,Earlie,D'Antoni,edantonimw@wikia.com,Male,106.122.191.241
826,Sayer,Cottey,scotteymx@businessweek.com,Male,151.42.149.19
827,Tansy,Yorke,tyorkemy@deviantart.com,Female,162.195.7.82
828,Flss,Lindback,flindbackmz@godaddy.com,Female,178.161.234.119
829,Tessi,Yele,tyelen0@census.gov,Female,220.201.4.247
830,Nev,Ayrs,nayrsn1@webeden.co.uk,Male,110.143.59.100
831,Stacy,Rother,srothern2@vinaora.com,Female,143.52.162.238
832,Ethe,Birkmyr,ebirkmyrn3@clickbank.net,Male,235.246.52.1
833,Celestyna,Dy,cdyn4@ocn.ne.jp,Female,100.153.114.182
834,Davidson,Bowlas,dbowlasn5@toplist.cz,Male,2.218.238.5
835,Felizio,Srutton,fsruttonn6@last.fm,Non-binary,235.2.36.124
836,Deva,Cripin,dcripinn7@fema.gov,Female,63.128.139.254
837,Lucita,Krysztofiak,lkrysztofiakn8@jiathis.com,Female,223.85.196.126
838,Codi,Waddilove,cwaddiloven9@exblog.jp,Female,71.111.206.109
839,Monique,Gravey,mgraveyna@histats.com,Female,239.223.3.3
840,Christiano,McCreedy,cmccreedynb@google.ca,Male,155.103.112.27
841,Cinnamon,Ailward,cailwardnc@ibm.com,Female,113.193.159.210
842,Gustavus,Schwanden,gschwandennd@virginia.edu,Male,162.109.36.24
843,Ximenez,Coffee,xcoffeene@ucoz.com,Male,29.91.13.116
844,Mattie,Brayshaw,mbrayshawnf@list-manage.com,Female,17.26.53.218
845,Maggi,Mugford,mmugfordng@merriam-webster.com,Genderfluid,118.26.118.163
846,Evin,Krzysztof,ekrzysztofnh@networksolutions.com,Male,240.53.2.140
847,Trumaine,Bloxsum,tbloxsumni@mapquest.com,Male,178.129.230.185
848,Prissie,Mebius,pmebiusnj@google.it,Female,55.248.85.246
849,Craig,Hopkins,chopkinsnk@nationalgeographic.com,Male,112.143.244.123
850,Norma,Farahar,nfaraharnl@163.com,Female,178.234.52.77
851,Costa,Cavalier,ccavaliernm@dyndns.org,Male,248.19.234.58
852,Emmaline,Kleinschmidt,ekleinschmidtnn@sphinn.com,Female,252.127.208.182
853,Bevin,Sheilds,bsheildsno@wikia.com,Male,26.137.33.140
854,Alberta,Popov,apopovnp@nydailynews.com,Female,103.62.51.120
855,Gaultiero,Birrell,gbirrellnq@mozilla.org,Male,201.247.114.125
856,Marcos,Hooks,mhooksnr@mysql.com,Male,69.100.164.245
857,Aeriell,Colls,acollsns@yolasite.com,Female,163.243.91.72
858,Matt,Chalice,mchalicent@gnu.org,Male,13.62.112.168
859,Gwennie,Hexam,ghexamnu@state.tx.us,Female,38.47.11.15
860,Antonetta,Delacourt,adelacourtnv@netscape.com,Female,205.202.31.253
861,Concordia,Seabrooke,cseabrookenw@cbslocal.com,Female,115.211.144.40
862,Jocko,Clapston,jclapstonnx@cpanel.net,Male,49.77.69.157
863,Raff,Druitt,rdruittny@qq.com,Polygender,239.173.219.121
864,Prue,Curwen,pcurwennz@soundcloud.com,Agender,2.116.253.173
865,Tera,Rude,trudeo0@pagesperso-orange.fr,Female,62.197.255.27
866,Aline,Huxstep,ahuxstepo1@bigcartel.com,Female,19.223.126.30
867,Ernestine,Brims,ebrimso2@bbb.org,Female,148.226.87.71
868,Glen,Fairham,gfairhamo3@360.cn,Female,93.72.189.15
869,King,Zanettini,kzanettinio4@about.me,Male,219.176.187.192
870,Eolande,Kleinhausen,ekleinhauseno5@google.co.uk,Female,15.130.221.194
871,Gav,Moreland,gmorelando6@merriam-webster.com,Male,28.38.83.247
872,Marcia,Chapling,mchaplingo7@shareasale.com,Female,69.241.132.59
873,Nerti,Hatherleigh,nhatherleigho8@t-online.de,Female,88.82.92.230
874,Dorthy,Swanson,dswansono9@dot.gov,Female,91.183.249.138
875,Ilene,Bellchamber,ibellchamberoa@ameblo.jp,Bigender,16.89.123.46
876,Lindsey,MacLardie,lmaclardieob@hud.gov,Female,10.96.32.218
877,Fara,Florez,fflorezoc@shareasale.com,Female,21.60.232.242
878,Orlan,Blenkensop,oblenkensopod@dailymail.co.uk,Male,184.33.155.25
879,Blinny,Beddoe,bbeddoeoe@webmd.com,Genderfluid,236.46.159.245
880,Brook,Bendall,bbendallof@cbsnews.com,Bigender,43.76.175.244
881,Cristabel,Bourtoumieux,cbourtoumieuxog@usatoday.com,Genderqueer,164.194.116.208
882,Onofredo,Heckner,oheckneroh@chicagotribune.com,Male,18.64.19.15
883,Bron,Cumo,bcumooi@ebay.com,Male,210.97.43.143
884,Nat,Brazur,nbrazuroj@umn.edu,Male,46.110.31.157
885,Dyan,Colhoun,dcolhounok@latimes.com,Non-binary,135.30.100.102
886,Paulo,Fader,pfaderol@china.com.cn,Genderfluid,136.127.120.31
887,Jackson,Courtliff,jcourtliffom@state.gov,Male,38.195.203.130
888,Alec,Christescu,achristescuon@jigsy.com,Male,175.239.237.107
889,Yasmin,Juris,yjurisoo@msn.com,Female,83.195.146.150
890,Ara,Ferry,aferryop@meetup.com,Non-binary,106.65.42.60
891,Appolonia,Cokly,acoklyoq@51.la,Female,98.199.165.97
892,Delmar,Mose,dmoseor@drupal.org,Male,129.194.240.247
893,Rubetta,Hofer,rhoferos@behance.net,Female,177.91.191.52
894,Gibbie,Broose,gbrooseot@senate.gov,Male,128.120.23.87
895,Lorie,Dibble,ldibbleou@themeforest.net,Female,33.210.5.232
896,Osgood,Server,oserverov@spiegel.de,Male,208.65.171.240
897,Benson,Monan,bmonanow@dedecms.com,Male,56.200.181.15
898,Carny,Zammett,czammettox@youku.com,Male,189.67.86.2
899,Ina,Slipper,islipperoy@ucsd.edu,Female,94.140.47.21
900,Kriste,Baptist,kbaptistoz@phpbb.com,Female,170.69.32.53
901,Adi,Cardno,acardnop0@google.ca,Female,192.197.45.42
902,Kevyn,Lammie,klammiep1@acquirethisname.com,Female,230.109.27.35
903,Niko,Fandrey,nfandreyp2@timesonline.co.uk,Male,202.115.37.210
904,Sib,Rouse,srousep3@macromedia.com,Female,62.74.157.13
905,Hersch,Piddick,hpiddickp4@edublogs.org,Male,68.102.84.129
906,Alecia,Beagrie,abeagriep5@fema.gov,Female,65.240.218.140
907,Marrissa,Beggi,mbeggip6@altervista.org,Female,242.6.92.15
908,Nelle,Bracco,nbraccop7@patch.com,Female,45.189.232.234
909,Yale,Tilmouth,ytilmouthp8@topsy.com,Genderqueer,170.18.153.219
910,Marcile,Ritelli,mritellip9@independent.co.uk,Female,235.230.211.139
911,Merle,Laverick,mlaverickpa@java.com,Female,121.53.113.107
912,Katinka,Cartman,kcartmanpb@pbs.org,Female,11.65.154.183
913,Cheri,Lumsdon,clumsdonpc@1688.com,Female,57.114.234.233
914,Hannie,Beauchop,hbeauchoppd@imdb.com,Female,111.198.83.8
915,Ashien,Zanioletti,azaniolettipe@tamu.edu,Female,42.254.201.31
916,Demetra,Philp,dphilppf@cafepress.com,Female,24.109.196.210
917,Almeta,Balston,abalstonpg@hao123.com,Female,135.193.191.86
918,Alfie,Clace,aclaceph@pcworld.com,Female,8.105.227.186
919,Chelsae,Higford,chigfordpi@wisc.edu,Female,88.229.56.92
920,Kirsti,Dunseath,kdunseathpj@slashdot.org,Female,39.34.58.240
921,Cory,Gellier,cgellierpk@patch.com,Male,7.161.150.126
922,Kenny,Hazlegrove,khazlegrovepl@desdev.cn,Male,94.207.175.183
923,Archy,Woonton,awoontonpm@goo.ne.jp,Male,41.182.253.38
924,Eleonora,Moffatt,emoffattpn@bbb.org,Female,10.45.126.66
925,Kris,Jewers,kjewerspo@wunderground.com,Male,148.161.124.52
926,Claudian,Fifield,cfifieldpp@google.co.uk,Male,93.96.237.5
927,Hayden,Maior,hmaiorpq@soundcloud.com,Male,122.88.86.130
928,Austina,Extance,aextancepr@bloglovin.com,Female,214.106.180.10
929,Mayor,Roussell,mroussellps@ning.com,Male,191.177.22.251
930,Mirelle,Firbank,mfirbankpt@princeton.edu,Genderqueer,157.167.100.241
931,Vladamir,Langrick,vlangrickpu@kickstarter.com,Male,196.36.157.168
932,Berri,Erickson,bericksonpv@xinhuanet.com,Female,65.236.36.85
933,Brennan,Caudwell,bcaudwellpw@mtv.com,Male,43.235.202.248
934,Hartwell,Kitchaside,hkitchasidepx@woothemes.com,Male,47.164.178.215
935,Gill,Burhouse,gburhousepy@gmpg.org,Male,63.248.132.42
936,Shaina,Bunney,sbunneypz@naver.com,Female,66.44.6.228
937,Gustaf,Simcock,gsimcockq0@xrea.com,Male,25.250.129.111
938,Shirleen,Jelleman,sjellemanq1@usnews.com,Female,10.213.227.108
939,Egon,Verden,everdenq2@is.gd,Male,159.29.147.149
940,Drusie,Porteous,dporteousq3@skype.com,Female,239.173.32.140
941,Rowena,Sharrock,rsharrockq4@walmart.com,Female,178.74.21.168
942,Oralia,de Chastelain,odechastelainq5@usgs.gov,Female,241.95.242.165
943,Andromache,Harmond,aharmondq6@bluehost.com,Female,33.219.143.202
944,Barnie,McDirmid,bmcdirmidq7@artisteer.com,Male,161.241.100.228
945,Gustie,Broom,gbroomq8@washingtonpost.com,Female,249.214.255.85
946,Zerk,Coney,zconeyq9@europa.eu,Male,22.167.40.34
947,Karel,Hurrell,khurrellqa@zimbio.com,Female,214.199.213.88
948,Cedric,Marco,cmarcoqb@phpbb.com,Male,199.208.208.213
949,Helga,Edmonstone,hedmonstoneqc@godaddy.com,Polygender,126.173.204.207
950,Arabelle,Karlik,akarlikqd@mysql.com,Female,186.253.26.103
951,Tab,Fadell,tfadellqe@stumbleupon.com,Male,37.130.58.131
952,Francesco,Skipworth,fskipworthqf@skyrock.com,Genderqueer,239.91.108.136
953,Shay,Scroggins,sscrogginsqg@globo.com,Male,19.177.201.78
954,Rollie,Ledson,rledsonqh@networksolutions.com,Male,231.117.209.250
955,Giffy,Gori,ggoriqi@symantec.com,Male,98.54.149.197
956,Powell,Lacase,placaseqj@nps.gov,Polygender,101.14.121.173
957,Ashia,Ivashkin,aivashkinqk@craigslist.org,Female,230.24.22.220
958,Val,McGilroy,vmcgilroyql@ca.gov,Polygender,186.138.150.15
959,Loren,Mitham,lmithamqm@dion.ne.jp,Male,203.101.45.113
960,Joanne,Boij,jboijqn@tuttocitta.it,Female,15.186.136.205
961,Pryce,Sidebotton,psidebottonqo@webs.com,Male,219.78.248.78
962,Casey,Seeger,cseegerqp@umich.edu,Male,239.120.82.31
963,Myrah,Bennit,mbennitqq@amazon.de,Non-binary,172.42.124.137
964,Lucais,Morford,lmorfordqr@flavors.me,Genderfluid,229.18.15.39
965,Norina,Quirke,nquirkeqs@sbwire.com,Female,175.199.206.95
966,Bee,Comello,bcomelloqt@shinystat.com,Female,41.236.220.239
967,Dare,Bonham,dbonhamqu@walmart.com,Male,40.157.104.255
968,Robin,Balfour,rbalfourqv@hostgator.com,Non-binary,101.65.91.40
969,Ofelia,Lindro,olindroqw@slate.com,Female,53.117.162.164
970,Ashlen,Garnson,agarnsonqx@squidoo.com,Non-binary,236.135.254.161
971,Pippy,Gilleon,pgilleonqy@washingtonpost.com,Genderqueer,63.90.37.41
972,Salomo,Jiruch,sjiruchqz@liveinternet.ru,Male,91.115.42.57
973,Madonna,Ivashinnikov,mivashinnikovr0@icq.com,Female,189.58.177.28
974,Gloriana,Moggach,gmoggachr1@chron.com,Female,227.100.181.168
975,Flem,Skewis,fskewisr2@desdev.cn,Male,246.68.255.90
976,Desmond,Unitt,dunittr3@harvard.edu,Male,92.134.180.130
977,Darlleen,Broszkiewicz,dbroszkiewiczr4@linkedin.com,Female,225.177.41.27
978,Errick,Hay,ehayr5@dion.ne.jp,Male,37.237.48.138
979,Beverly,Speerman,bspeermanr6@bing.com,Female,196.56.193.143
980,Beatriz,Wyson,bwysonr7@gov.uk,Female,129.254.47.168
981,Correna,Vasilyevski,cvasilyevskir8@archive.org,Female,247.131.13.47
982,Emmye,Ruffle,eruffler9@blogger.com,Female,110.128.187.229
983,Merla,Bollands,mbollandsra@cocolog-nifty.com,Female,161.216.231.57
984,Madalyn,Mogie,mmogierb@tinyurl.com,Bigender,202.15.236.100
985,Thom,Tellett,ttellettrc@amazonaws.com,Male,3.110.139.60
986,Ailis,Sargent,asargentrd@telegraph.co.uk,Female,59.1.184.120
987,Wileen,Liccardi,wliccardire@friendfeed.com,Female,252.193.34.188
988,Chance,Vader,cvaderrf@wikia.com,Male,73.235.252.142
989,Earl,Oades,eoadesrg@ucsd.edu,Male,138.72.255.138
990,Gerhardt,Beadel,gbeadelrh@yelp.com,Male,32.167.99.47
991,Jessie,Pragnell,jpragnellri@chronoengine.com,Female,109.59.65.249
992,Teodorico,Abrahart,tabrahartrj@multiply.com,Male,153.148.67.53
993,Hewet,Keener,hkeenerrk@mapquest.com,Male,69.227.53.93
994,Anatollo,Hymers,ahymersrl@accuweather.com,Male,145.191.246.85
995,Baron,Wardroper,bwardroperrm@chronoengine.com,Male,153.250.234.161
996,Barnabas,Bloyes,bbloyesrn@google.com,Male,48.38.109.198
997,Kevon,Kunath,kkunathro@yelp.com,Male,178.229.96.161
998,Becky,Redding,breddingrp@go.com,Female,21.23.101.102
999,Beverlie,Crossan,bcrossanrq@ustream.tv,Female,72.9.151.231
1000,Prince,Fincher,pfincherrr@shareasale.com,Male,147.48.179.76
